author,title
"Сергей Попов","Вселенная. Краткий путеводитель по пространству и времени от Солнечной системы до самых далеких галактик и от Большого взрыва до будущего Вселенной"
"Кристофер Мейсон","Следующие 500 лет. Как подготовить человека к жизни на других планетах"
"Кристофер Хэдфилд","Руководство астронавта по жизни на Земле. Чему научили меня 4000 часов на орбите"
"Марио Ливио","Галилей и отрицатели науки"
"Карл Саган","Наука в поисках Бога"
"Алексей Левин","Белые карлики. Будущее Вселенной"
"Эрик Асфог","Когда у Земли было две Луны. Планеты-каннибалы, ледяные гиганты, грязевые кометы и другие светила ночного неба"
"Владимир Сурдин","Вселенная в вопросах и ответах. Задачи и тесты по астрономии и космонавтике"
"Карло Ровелли","Гипотеза белых дыр. Об устройстве Вселенной, гравитации и теории относительности"
"Джеффри Клугер","Аполлон-8: Захватывающая история первого полета к Луне"
"Леонид Еленин","Астероиды: рожденные пламенем"
"Ричард Фейнман","Фейнмановские лекции по физике"
"Кип Торн","Интерстеллар. Наука за кадром"
"Кип Торн","Черные дыры и складки времени: Дерзкое наследие Эйнштейна"
"Владимир Сурдин","Галактики"
"Юрий Батурин","Мировая пилотируемая коcмонавтика. История. Техника. Люди"
"Николай Каманин","Скрытый космос"
"Борис Черток","Ракеты и люди"
"Валентина Пономарева","Космонавтика в личном измерении"
"Эрнст Гаушус","Рассказы об управлении в космосе и на Земле"
"Шон Кэрролл","Вселенная. Происхождение жизни, смысл нашего существования и огромный космос"
"Шон Кэрролл","Квантовые миры и возникновение пространства-времени"
"Шон Кэрролл","Пространство, время и движение. Величайшие идеи Вселенной"
"Алексей Леонов","Время первых. Судьба моя - я сам..."
"Джим Аль-Халили","Одиноки ли мы во Вселенной? Ведущие учёные мира о поисках инопланетной жизни"
"Джим Аль-Халили","Мир физики и физика мира"
"Михаил Ребров","Советские космонавты"
"Владимир Коваленок","Родина крылья дaла"
"Леонид Пономарев","Под знаком кванта"
"Майк Маллейн","Верхом на ракете. Возмутительные истории астронавта шаттла"
"Иосиф Шкловский","Звезды: их рождение, жизнь и смерть"
"Энди Вейер","Марсианин"
"Aнтон Пeрвушин","Пepвые в космoсe. Шаг в неизвестнoсть"
"Терри Вертс","Kак стать аcтронавтoм? Все, чтo вaм cледуeт знaть, преждe чeм вы покинeтe Землю"
"Скотт Паразински","Выше неба. История астронавта, покорившего Эверест"
"Сергей Рязанский","Можно ли забить гвоздь в космосе"
"Нил Деграсс Тайсон","Большое космическое путешествие"
"Стивен Вайнберг","Объясняя мир. Истоки современной науки"
"Нил Деграсс Тайсон","На службе у вoйны: нeглaсный coюз aстрофизики и аpмии"
"Нил Деграсс Тайсон","Астрофизика начинающим: как понять Вселенную"
"Нил Деграсс Тайсон","Смерть в чёрной дыре и другие мелкие космические неприятности"
"Валентин Глушко","Развитие ракетостроения и космонавтики в СССР"
"Иэн Стюарт","Величайшие математические задачи"
"Митио Каку","Космос Эйнштейна. Как открытия Альберта Эйнштейна изменили наши представления о пространстве и времени"
"Михаил Шевченко","Астрономия. История, теории и практики"
"Oлeг Артeмьeв","Kocмoс и МКС: как все устpоeно нa caмoм дeлe"
"Николь Скотт","Hазaд на Зeмлю. Что мне открыла жизнь в космoсe о нaшей родной плaнетe и o миccии пo зaщите Земли"
"Тим Грегopи","Метеориты. Космические камни, создавшие наш мир"
"Джеймс Хансен","Первый человек. Жизнь Нила Армстронга"
"Шон Кэрролл","Вeчность. В пoисках oкoнчaтельнoй тeории вpeмени"
"Вилли Лей","Ракеты и полеты в космос"
"Жанна Левин","Блюз черных дыр и другие мелодии космоса"
"Борис Штерн","Астрофизика"
"Нил Деграсс Тайсон","Письма астрофизика. О телепортации, параллельных вселенных и смысле жизни"
"Виталий Егоров","Люди на Луне"
"Виктор Савиных","Салют-7. Записки с мертвой станции"
"Владимир Сурдин","Солнечная система"
"Николай Андреев, Сергей Коновалов, Никита Панюнин","Математическая составляющая"
"Николай Казимиров, Алексей Савватеев","Введение в настоящую математику"
"Владимир Сурдин","Динамика звездных систем"
"Владимир Сурдин","Пятая сила"
"Мстислав Келдыш, Михаил Маров","Космические исследования"
"Скотт Келли","Стойкость: мой год в космосе"
"Стивен Вайнберг","Космология"
"Георгий Гречко","Космонавт №34. От лучины до пришельцев"
"Артур Чернин","Звезды и физика"
"Владимир Сурдин","Небо и телескоп"
"Карло Ровелли","Анаксимандр и рождение науки"
"Карло Ровелли","Нереальная реальность. Путешествие по квантовой петле"
"Иэн Стюарт","Укрощение бесконечности. История математики от первых чисел до теории хаоса"
"Иэн Стюарт","Невероятные числа профессора Стюарта"
"Валерий Босс","Интуиция и математика"
"Николай Казимиров","Архетипы математики: общие методы, премы, конструкции, идеи математики и ее оснований"
"Ричард Фейнман","Радость познания"
"Сергей Язев","Астрономия. Солнечная система"
"Леонид Ксанфомалити","Парад планет"
"Герман Титов","700000 километров в Космосе"
"Герман Титов","На звездных и земных орбитах"
"Михаил Королев","211 суток на борту Салюта-7"
"Анатолий Черепащук, Артур Чернин","Вселенная, жизнь, черные дыры"
"Герман Титов","Голубая моя планета"
"Герман Титов","На звездных и земных орбитах"
"Константин Бушуев","Союз и Аполлон"
"Михаил Никитин","Происхождение жизни. От туманности до клетки"
"Георгий Гамов","Тридцать лет, которые потрясли физику"
"Эмили Левеск","Обращенные к звездам. Прошлое, настоящее и будущее астрономии"
"Митио Каку","Будущее человечества: Колонизация Марса, путешествия к звездам и обретение бессмертия"
"Пол Халперн","Квантовый лабиринт. Как Ричард Фейнман и Джон Уилер изменили время и реальность"
"Тони Ротман","Маленькая книга о Большом взрыве"
"Пол Халперн","Очарование мультивселенной. Параллельные миры, другие измерения и альтернативные реальности"
"Михаил Маров, Уэсли Хантресс мл","Советские роботы в Солнечной системе. Технологии и открытия"
"Карлос Калье","Беседы с Альбертом Эйнштейном"
"Валерий Киселёв","Квантовая механика. Курс лекций"
"Хайно Фальке","Свет во тьме. Черные дыры, Вселенная и мы"
"Крис Импи","Чудовища доктора Эйнштейна. О черных дырах, больших и малых"
"Митио Каку","Будущее разума"
"Фрэнк Вильчек","Красота физики: постигая устройство природы"
"Майк Массимино","Астронавт. Необычайное путешествие в поисках тайн"
"Говерт Шиллинг","Складки на ткани пространства-времени. Эйнштейн, гравитационные волны и будущее астрономии"
"Иэн Стюарт","Математика космоса: как современная наука расшифровывает Вселенную"
"Нил Деграсс Тайсон","Космические хроники, или почему инопланетяне до сих пор нас не нашли"
"Дава Собел","Более совершенные небеса. Как Николай Коперник заново сотворил нашу Вселенную"
"Нил Деграсс Тайсон","Послание звезд. Космические перспективы человечества"
"Дава Собел","Стеклянный небосвод: как женщины Гарвардской обсерватории измерили звезды"
"Антон Первушин","Космическая мифология: от марсианских атлантов до лунного заговора"
"Карло Ровелли","Гельголанд. Красивая и странная квантовая физика"
"Лидия Галль","Квант мироздания. Квантовая физика и биоэнергетика живых организмов"
"Михаил Полуэктов","Загадки сна: от бессонницы до летаргии"
"Борис Штерн","Феникс сапиенс"
"Джон Гриббин","Шесть невозможностей: загадки квантового мира"
"Николя Жизан","Квантовая случайность: нелокальность, телепортация и другие квантовые чудеса"
"Борис Штерн","Ледяная скорлупа"
"Нил Деграсс Тайсон","История всего. 14 миллиардов лет космической эволюции"
"Нил Деграсс Тайсон","Астрофизика с космической скоростью. Великие тайны Вселенной для тех, кому некогда"
"Говерт Шиллинг","Слон во Вселенной. 100 лет в поисках темной материи"
"Константин Циолковский","Философия Вселенной"
"Константин Циолковский","Грезы о земле и небе"
"Константин Циолковский","Воля Вселенной"
"Константин Циолковский","Космическая философия"
"Нил Деграсс Тайсон","Добро пожаловать во Вселенную. Большой путеводитель по Вселенной для зануд"
"Борис Штерн","Прорыв за край мира"
"Михаил Шевченко","Луна. Наблюдая за самым знакомым и невероятным небесным объектом"
"Алекс Виленкин, Делия Перлов","Космология для любопытных. Полный курс науки о космосе"
"Эрвин Шредингер","Что такое жизнь?"
"Андрей Колмогоров","Введение в теорию вероятностей"
"Митио Каку","Физика будущего"
"Игорь Лисов","Разведчики внешних планет: путешествие Пионеров и Вояджеров от Земли до Нептуна и далее"
"Томас Стаффорд, Майкл Кассутт","Есть стыковка! История первого рукопожатия СССР и США в космосе"
"Юджин Сернан","Последний человек на Луне"
"Дэвид Дойч","Начало бесконечности. Объяснения, которые меняют мир"
"Митио Каку","Физика невозможного"
"Митио Каку","Гиперпространство: научная одиссея через параллельные миры, дыры во времени и десятое измерение"
"Митио Каку","Параллельные миры: Об устройстве мироздания, высших измерениях и будущем космоса"
"Митио Каку","Уравнение Бога: в поисках теории всего"
"Митио Каку","Квантовое превосходство: революция в вычислениях, которая изменит всё"
"Мартин Рис","Всего шесть чисел. Главные силы, формирующие Вселенную"
"Дэвид Дойч","Структура реальности: наука параллельных вселенных"
"Карл Саган","Голубая точка. Космическое будущее человечества"
"Павел Шубин","Венера. Неукротимая планета"
"Алексей Леонов","Две стороны Луны. Космическая гонка времен холодной войны"
"Яков Перельман","Занимательная математика"
"Карл Саган","Мозг Брока. О науке, космосе и человеке"
"Сергей Язев","Вселенная. Путешествие во времени и пространстве"
"Сергей Язев","Лекции о Солнце"
"Николай Горькавый","Пульсирующая Вселенная"
"Стивен Вайнберг","Все еще неизвестная вселенная: мысли о физике, искусстве и кризисе в науке"
"Брайан Грин","До конца времен. Сознание, материя и поиски смысла в меняющейся Вселенной"
"Брайан Грин","Скрытая реальность: параллельные миры и глубинные законы космоса"
"Брайан Грин","Ткань космоса: пространство, время и текстура реальности"
"Брайан Грин","Элегантная Вселенная: суперструны, скрытые размерности и поиски окончательной теории"
"Антонио Падилья","Удивительные числа Вселенной. Путешествие за грань воображения"
"Элизабет Таскер","Фабрика планет. Экзопланеты и поиски второй Земли"
"Андрей Киселев","Алгебра"
"Андрей Киселев","Геометрия"
"Стивен Вайнберг","Мечты об окончательной теории: физика в поисках самых фундаментальных законов природы"
"Стивен Вайнберг","Первые три минуты. Современный взгляд на происхождение Вселенной"
"Эмиль Ахмедов","Картины фундаментальной физики"
"Юрий Батурин","Властелины бесконечности: космонавт о профессии и судьбе"
"Анатолий Засов, Владимир Сурдин","Астрономия"
"Ави Леб","Внеземной. В поисках инопланетного разума"
"Стивен Хокинг","На плечах гигантов. Хронология революционных идей о природе Вселенной"
"Стивен Хокинг","Кратчайшая история времени. На перекрестке астрофизики и философии"
"Стивен Хокинг","Черные дыры и молодые вселенные. Космическое путешествие сквозь пространство и время"
"Вячеслав Климентов, Ольга Низовцева","Космическая эра. Истории покорения космоса"
"Вячеслав Климентов","Гагарин. Удивительная история первого полёта"
"Стивен Уокер","Первый: новая история Гагарина и космической гонки"
"Стивен Хокинг","О Вселенной в двух словах. Краеугольные камни и острые углы науки о макрокосмосе"
"Стивен Хокинг","Теория всего. От сингулярности до бесконечности: происхождение и судьба Вселенной"
"Стивен Хокинг","Вселенная Стивена Хокинга. История макрокосмоса. История человека"
"Стивен Хокинг","Высший замысел. Взгляд астрофизиков на сотворение мира"
"Александр Панов","Универсальная эволюция и проблема поиска внеземного разума (SETI)"
"Николай Верещагин, Александр Шень","Языки и исчисления"
"Николай Верещагин, Александр Шень","Начала теории множеств"
"Сергей Попов","Все формулы мира: как математика объясняет законы природы"
"Павел Попов","Общедоступная практическая астрономия"
"Иван Соколов","Курс физики для средней школы"
"Алан Стерн, Дэвид Гринспун","За новыми горизонтами. Первый полет к Плутону"
"Карл Саган","Миллиарды и миллиарды: размышления о жизни и смерти на рубеже тысячелетий"
"Карл Саган","Мир, полный демонов. Наука - как свеча во тьме"
"Иосиф Шкловский","Вселенная, жизнь, разум"
"Яков Зельдович","Драма идей в познании природы"
"Леонид Сикорук","Любительская астрофотография"
"Леонид Еленин","Кометы. Странники Солнечной системы"
"Сергей Попов","Суперобъекты: звезды размером с город"
"Борис Штерн","Ковчег 47 Либра"
"Стивен Хокинг","Краткая история времени. От Большого взрыва до черных дыр"
"Александр Фридман","Мир как пространство и время"
"Йоахим Геррманн","Тайны космоса. Созвездия"
"Владимир Сурдин","Марс. Великое противостояние"
"Карл Саган","Космос"
"Стивен Хокинг","Краткие ответы на большие вопросы"
"Игорь Новиков","Куда течет река времени?"
"Игорь Новиков","Эволюция Вселенной"
"Игорь Новиков","Как взорвалась Вселенная"
"Игорь Новиков","Черные дыры и Вселенная"
"Алексей Савватеев","Математика для гуманитариев. Живые лекции"
"Владимир Сурдин","Астрономия. Популярные лекции"
"Владимир Сурдин","Путешествия к Луне"
"Владимир Сурдин","Разведка далеких планет"
"Алексей Савватеев, Александр Филатов","Занимательная экономика. Теория экономических механизмов от А до Я"
"Марк Гарлик","Вселенная. Иллюстрированный атлас"
"Яков Перельман","Занимательная физика"
"Владимир Сурдин","Звёзды"
"Владимир Сурдин","Понятный космос: от кварка до квазара"
"Яков Перельман","Занимательная астрономия"
"Яков Перельман","Физика на каждом шагу"
"Алексей Савватеев","Живая математика. Нематематическая книга о вдохновении, науке, образовании и жизни"
"Владимир Сурдин","Темная сторона Вселенной"
"Алексей Семихатов","Всё, что движется: прогулки по беспокойной Вселенной"
"Алексей Семихатов","Сто лет недосказанности: квантовая механика для всех в 25 эссе"
"Владимир Сурдин","Астрономия планетных систем"
"Кристиан Дэвенпорт","Космические бароны. Крестовый поход во имя колонизации космоса"
"Майк Браун","Как я убил Плутон и почему это было неизбежно"
"Евгений Беркович","Заметки об Альберте Эйнштейне. Время, наука, жизнь"
"Карл Саган","Драконы Эдема: рассуждения об эволюции человеческого разума"
"Иэн Стюарт","Это база. Зачем нужна математика в повседневной жизни"
"Алекс Беллос","Алекс в стране чисел. Необычайное путешествие в волшебный мир математики"
"Джон Дербишир","Простая одержимость. Бернхард Риман и величайшая нерешенная проблема в математике"
"Ричард Фейнман","Характер физических законов"
"Ричард Фейнман","Вы, конечно, шутите, мистер Фейнман"
"Ричард Фейнман","Какое тебе дело до того, что думают другие"
"Йостейн Рисер Кристиансен","Невидимая Вселенная. Темные секреты космоса"
"Иэн Стюарт","Значимые фигуры. Жизнь и открытия великих математиков"
"Джон Уиллис","Все эти миры - Ваши. Научные поиски внеземной жизни"
